cgpa,package
7.913662,18.767117
8.657347,6.099313
7.867196,9.817781
7.951631,14.831321
9.554764,5.684937
7.324609,9.251573
6.607033,4.015346
9.616369,15.595453
8.364864,10.965467
6.888815,8.272549
